x,y,z,range,velocity,angle,power_abs
0.218,0,0,0.218,0.35,0,0.006011963
0.327,0,0,0.327,0.35,0,0.006591797
0.303137113,0.122625,0,0.327,1.4,22.02431284,0.011169434
0.327,0,0,0.327,0,0,0.005752563
0.209200328,0.0613125,0,0.218,1.4,16.33482278,0.010131836
0.307073012,0.11240625,0,0.327,1.4,20.10550979,0.012771606
0.211077592,0.0545,0,0.218,1.75,14.47751219,0.01272583
0.307073012,0.11240625,0,0.327,1.75,20.10550979,0.014572144
0.218,0,0,0.218,0,0,0.004974365
0.218,0,0,0.218,0.35,0,0.007537842
0.327,0,0,0.327,0.35,0,0.007995605
0.209200328,0.0613125,0,0.218,1.4,16.33482278,0.011688232
0.313800492,0.09196875,0,0.327,1.4,16.33482278,0.013839722
0.211077592,0.0545,0,0.218,1.75,14.47751219,0.014923096
0.29404442,0.1430625,0,0.327,1.75,25.94447977,0.016143799
0.211077592,0.0545,0,0.218,2.1,14.47751219,0.013885498
0.288849197,0.15328125,0,0.327,2.1,27.95318688,0.014266968
0.212720244,0.0476875,0,0.218,2.45,12.63562509,0.01008606
0.218,0,0,0.218,0.35,0,0.008926392
0.327,0,0,0.327,0.35,0,0.009078979
0.212720244,0.0476875,0,0.218,1.4,12.63562509,0.013534546
0.298800164,0.13284375,0,0.327,1.4,23.96948232,0.015045166
0.212720244,0.0476875,0,0.218,1.75,12.63562509,0.01663208
0.303137113,0.122625,0,0.327,1.75,22.02431284,0.018356323
0.214133683,0.040875,0,0.218,2.1,10.80692287,0.015762329
0.298800164,0.13284375,0,0.327,2.1,23.96948232,0.016723633
0.212720244,0.0476875,0,0.218,2.45,12.63562509,0.011276245
0.29404442,0.1430625,0,0.327,2.45,25.94447977,0.011505127
0.214133683,0.040875,0,0.218,1.4,10.80692287,0.013366699
0.303137113,0.122625,0,0.327,1.4,22.02431284,0.014480591
0.212720244,0.0476875,0,0.218,1.75,12.63562509,0.017059326
0.307073012,0.11240625,0,0.327,1.75,20.10550979,0.018081665
0.211077592,0.0545,0,0.218,2.1,14.47751219,0.016769409
0.307073012,0.11240625,0,0.327,2.1,20.10550979,0.017181396
0.214133683,0.040875,0,0.218,2.45,10.80692287,0.012069702
0.298800164,0.13284375,0,0.327,2.45,23.96948232,0.012252808
0.212720244,0.0476875,0,0.218,1.4,12.63562509,0.011764526
0.298800164,0.13284375,0,0.327,1.4,23.96948232,0.012451172
0.215322424,0.0340625,0,0.218,1.75,8.989299345,0.01449585
0.307073012,0.11240625,0,0.327,1.75,20.10550979,0.015258789
0.212720244,0.0476875,0,0.218,2.1,12.63562509,0.014068604
0.298800164,0.13284375,0,0.327,2.1,23.96948232,0.014022827
0.211077592,0.0545,0,0.218,2.45,14.47751219,0.010055542
0.316616389,0.08175,0,0.327,2.45,14.47751219,0.010162354
0.218,0,0,0.218,0,0,0.007125854
0.327,0,0,0.327,0,0,0.006317139
0.214133683,0.040875,0,0.218,0,10.80692287,0.007827759
0.310623107,0.1021875,0,0.327,0,18.20995686,0.007827759
0.212720244,0.0476875,0,0.218,0.35,12.63562509,0.007003784
0.303137113,0.122625,0,0.327,1.4,22.02431284,0.010070801
0.310623107,0.1021875,0,0.327,1.75,18.20995686,0.01083374
0.212720244,0.0476875,0,0.218,2.1,12.63562509,0.009735107
0.313800492,0.09196875,0,0.327,2.1,16.33482278,0.010513306
0.214133683,0.040875,0,0.218,2.45,10.80692287,0.009078979
0.313800492,0.09196875,0,0.327,2.45,16.33482278,0.009552002
0.218,0,0,0.218,0,0,0.006607056
0.327,0,0,0.327,0,0,0.006713867
0.21629017,0.02725,0,0.218,0,7.180755781,0.007461548
0.313800492,0.09196875,0,0.327,0,16.33482278,0.006912231
0.313800492,0.09196875,0,0.327,66.15,16.33482278,0.00730896
0.310623107,0.1021875,0,0.327,66.5,18.20995686,0.006896973
0.212720244,0.0476875,0,0.218,2.1,12.63562509,0.008148193
0.29404442,0.1430625,0,0.327,2.1,25.94447977,0.008331299
0.214133683,0.040875,0,0.218,2.45,10.80692287,0.008071899
0.298800164,0.13284375,0,0.327,2.45,23.96948232,0.008300781
0.218,0,0,0.218,0,0,0.008590698
0.327,0,0,0.327,0,0,0.007125854
0.319080366,0.07153125,0,0.327,66.15,12.63562509,0.007614136
0.313800492,0.09196875,0,0.327,66.5,16.33482278,0.009384155
0.321200525,0.0613125,0,0.327,66.85,10.80692287,0.009475708
0.218,0,0,0.218,0,0,0.008056641
0.322983635,0.05109375,0,0.327,66.5,8.989299345,0.009384155
0.319080366,0.07153125,0,0.327,66.85,12.63562509,0.010528564
1.33E-17,0.218,0,0.218,0,90,0.012969971
0.319080366,0.07153125,0,0.327,0,12.63562509,0.010437012
0.21629017,0.02725,0,0.218,0.35,7.180755781,0.012207031
0.319080366,0.07153125,0,0.327,0.35,12.63562509,0.009506226
0.215322424,0.0340625,0,0.218,0.7,8.989299345,0.008865356
1.33E-17,0.218,0,0.218,66.85,90,0.011108398
0.316616389,0.08175,0,0.327,66.85,14.47751219,0.008789063
1.33E-17,0.218,0,0.218,0,90,0.01272583
0.321200525,0.0613125,0,0.327,0,10.80692287,0.009552002
0.21629017,0.02725,0,0.218,0.35,7.180755781,0.012313843
0.316616389,0.08175,0,0.327,0.35,14.47751219,0.008728027
0.21629017,0.02725,0,0.218,0.7,7.180755781,0.009368896
1.33E-17,0.218,0,0.218,0,90,0.010772705
0.316616389,0.08175,0,0.327,0,14.47751219,0.007003784
0.21629017,0.02725,0,0.218,0.35,7.180755781,0.010787964
0.218,0,0,0.218,0.35,0,0.005722046
1.33E-17,0.218,0,0.218,0.7,90,0.006820679
1.33E-17,0.218,0,0.218,1.05,90,0.008789063
2.00E-17,0.327,0,0.327,1.05,90,0.006790161
0.218,0,0,0.218,0.35,0,0.003753662
1.33E-17,0.218,0,0.218,0.35,90,0.006652832
1.33E-17,0.218,0,0.218,0.7,90,0.009033203
2.00E-17,0.327,0,0.327,0.7,90,0.006698608
1.33E-17,0.218,0,0.218,1.05,90,0.009552002
2.00E-17,0.327,0,0.327,1.05,90,0.007141113
1.33E-17,0.218,0,0.218,65.8,90,0.008209229
2.00E-17,0.327,0,0.327,65.8,90,0.00642395
1.33E-17,0.218,0,0.218,0.35,90,0.006378174
1.33E-17,0.218,0,0.218,0.7,90,0.008377075
1.33E-17,0.218,0,0.218,1.05,90,0.007888794
2.00E-17,0.327,0,0.327,1.05,90,0.005523682
1.33E-17,0.218,0,0.218,2.1,90,0.007293701
1.33E-17,0.218,0,0.218,2.45,90,0.006072998
1.33E-17,0.218,0,0.218,2.1,90,0.008163452
1.33E-17,0.218,0,0.218,2.45,90,0.006698608
1.33E-17,0.218,0,0.218,2.1,90,0.009475708
1.33E-17,0.218,0,0.218,2.45,90,0.007919312
0.218,0,0,0.218,0.35,0,0.005065918
1.33E-17,0.218,0,0.218,2.1,90,0.010848999
1.33E-17,0.218,0,0.218,2.45,90,0.00894165
1.33E-17,0.218,0,0.218,1.4,90,0.008255005
1.33E-17,0.218,0,0.218,1.75,90,0.011123657
1.33E-17,0.218,0,0.218,2.1,90,0.010879517
1.33E-17,0.218,0,0.218,2.45,90,0.008529663
1.33E-17,0.218,0,0.218,1.4,90,0.010879517
1.33E-17,0.218,0,0.218,1.75,90,0.01171875
1.33E-17,0.218,0,0.218,2.1,90,0.010009766
1.33E-17,0.218,0,0.218,1.05,90,0.010772705
1.33E-17,0.218,0,0.218,1.4,90,0.01159668
1.33E-17,0.218,0,0.218,1.75,90,0.010269165
1.33E-17,0.218,0,0.218,2.1,90,0.007827759
0.327,0,0,0.327,0,0,0.00428772
1.33E-17,0.218,0,0.218,0.7,90,0.00881958
1.33E-17,0.218,0,0.218,1.05,90,0.010406494
1.33E-17,0.218,0,0.218,1.4,90,0.010070801
1.33E-17,0.218,0,0.218,1.05,90,0.008087158
1.33E-17,0.218,0,0.218,1.4,90,0.008026123
1.33E-17,0.218,0,0.218,1.4,90,0.008407593
0.324435255,0.040875,0,0.327,1.4,7.180755781,0.006500244
1.33E-17,0.218,0,0.218,1.75,90,0.008804321
0.316616389,0.08175,0,0.327,1.75,14.47751219,0.006088257
1.33E-17,0.218,0,0.218,2.1,90,0.006759644
0.218,0,0,0.218,0,0,0.00920105
0.218,0,0,0.218,0.35,0,0.010070801
0.327,0,0,0.327,0.35,0,0.006774902
1.33E-17,0.218,0,0.218,1.05,90,0.010498047
1.33E-17,0.218,0,0.218,1.4,90,0.011505127
0.324435255,0.040875,0,0.327,1.4,7.180755781,0.008026123
1.33E-17,0.218,0,0.218,1.75,90,0.010498047
2.00E-17,0.327,0,0.327,1.75,90,0.007522583
1.33E-17,0.218,0,0.218,2.1,90,0.007507324
0.218,0,0,0.218,0,0,0.012176514
0.327,0,0,0.327,0,0,0.007461548
1.33E-17,0.218,0,0.218,0,90,0.009399414
1.33E-17,0.218,0,0.218,0.35,90,0.012329102
1.33E-17,0.218,0,0.218,0.7,90,0.014083862
2.00E-17,0.327,0,0.327,0.7,90,0.008544922
1.33E-17,0.218,0,0.218,1.05,90,0.013626099
2.00E-17,0.327,0,0.327,1.05,90,0.009140015
1.33E-17,0.218,0,0.218,1.4,90,0.01121521
2.00E-17,0.327,0,0.327,1.4,90,0.008178711
1.33E-17,0.218,0,0.218,1.75,90,0.008087158
0.218,0,0,0.218,0,0,0.010253906
0.327,0,0,0.327,0,0,0.005889893
0.215322424,0.0340625,0,0.218,0,8.989299345,0.013092041
0.316616389,0.08175,0,0.327,0,14.47751219,0.007949829
1.33E-17,0.218,0,0.218,0.35,90,0.017105103
0.313800492,0.09196875,0,0.327,0.35,16.33482278,0.010070801
1.33E-17,0.218,0,0.218,0.7,90,0.018615723
0.322983635,0.05109375,0,0.327,0.7,8.989299345,0.011520386
1.33E-17,0.218,0,0.218,1.05,90,0.015884399
0.324435255,0.040875,0,0.327,1.05,7.180755781,0.010177612
1.33E-17,0.218,0,0.218,1.4,90,0.008560181
2.00E-17,0.327,0,0.327,1.4,90,0.006469727
0.21629017,0.02725,0,0.218,2.45,7.180755781,0.007415771
0.218,0,0,0.218,0,0,0.010421753
0.218,0,0,0.218,0.35,0,0.010482788
0.215322424,0.0340625,0,0.218,0,8.989299345,0.014923096
0.316616389,0.08175,0,0.327,0,14.47751219,0.00894165
0.21629017,0.02725,0,0.218,0.35,7.180755781,0.020370483
0.321200525,0.0613125,0,0.327,0.35,10.80692287,0.012252808
1.33E-17,0.218,0,0.218,0.7,90,0.020706177
0.324435255,0.040875,0,0.327,0.7,7.180755781,0.012573242
1.33E-17,0.218,0,0.218,1.05,90,0.016143799
0.324435255,0.040875,0,0.327,1.05,7.180755781,0.010025024
1.33E-17,0.218,0,0.218,1.4,90,0.009002686
0.218,0,0,0.218,0,0,0.011611938
0.327,0,0,0.327,0,0,0.007263184
0.214133683,0.040875,0,0.218,0,10.80692287,0.01651001
0.321200525,0.0613125,0,0.327,0,10.80692287,0.01020813
0.21629017,0.02725,0,0.218,0.35,7.180755781,0.021377563
0.313800492,0.09196875,0,0.327,0.35,16.33482278,0.012939453
0.21629017,0.02725,0,0.218,0.7,7.180755781,0.019683838
0.322983635,0.05109375,0,0.327,0.7,8.989299345,0.011962891
1.33E-17,0.218,0,0.218,1.05,90,0.014633179
0.322983635,0.05109375,0,0.327,1.05,8.989299345,0.008270264
1.33E-17,0.218,0,0.218,1.4,90,0.009719849
0.218,0,0,0.218,0,0,0.012664795
0.327,0,0,0.327,0,0,0.008087158
1.33E-17,0.218,0,0.218,66.15,90,0.009414673
1.33E-17,0.218,0,0.218,66.5,90,0.009490967
0.21629017,0.02725,0,0.218,66.85,7.180755781,0.013504028
0.324435255,0.040875,0,0.327,66.85,7.180755781,0.008605957
0.212720244,0.0476875,0,0.218,0,12.63562509,0.018478394
0.310623107,0.1021875,0,0.327,0,18.20995686,0.011642456
0.214133683,0.040875,0,0.218,0.35,10.80692287,0.020278931
0.313800492,0.09196875,0,0.327,0.35,16.33482278,0.012741089
0.21629017,0.02725,0,0.218,0.7,7.180755781,0.016921997
0.307073012,0.11240625,0,0.327,0.7,20.10550979,0.010055542
1.33E-17,0.218,0,0.218,1.05,90,0.00982666
1.33E-17,0.218,0,0.218,1.4,90,0.006088257
0.215322424,0.0340625,0,0.218,2.1,8.989299345,0.006942749
0.218,0,0,0.218,0.35,0,0.007797241
0.211077592,0.0545,0,0.218,66.15,14.47751219,0.010818481
0.214133683,0.040875,0,0.218,66.5,10.80692287,0.013916016
0.313800492,0.09196875,0,0.327,66.5,16.33482278,0.00843811
0.215322424,0.0340625,0,0.218,66.85,8.989299345,0.017120361
0.321200525,0.0613125,0,0.327,66.85,10.80692287,0.010818481
0.215322424,0.0340625,0,0.218,0,8.989299345,0.018768311
0.316616389,0.08175,0,0.327,0,14.47751219,0.012084961
0.214133683,0.040875,0,0.218,0.35,10.80692287,0.017196655
0.313800492,0.09196875,0,0.327,0.35,16.33482278,0.011352539
0.212720244,0.0476875,0,0.218,0.7,12.63562509,0.012420654
0.310623107,0.1021875,0,0.327,0.7,18.20995686,0.008392334
0.184692893,0.1158125,0,0.218,66.15,32.08995126,0.009567261
0.204715342,0.0749375,0,0.218,66.5,20.10550979,0.012924194
0.288849197,0.15328125,0,0.327,66.5,27.95318688,0.008178711
0.209200328,0.0613125,0,0.218,66.85,16.33482278,0.015396118
0.29404442,0.1430625,0,0.327,66.85,25.94447977,0.010269165
0.214133683,0.040875,0,0.218,0,10.80692287,0.01524353
0.310623107,0.1021875,0,0.327,0,18.20995686,0.010360718
0.21629017,0.02725,0,0.218,0.35,7.180755781,0.012557983
0.307073012,0.11240625,0,0.327,0.35,20.10550979,0.00894165
0.214133683,0.040875,0,0.218,0.7,10.80692287,0.009399414
0.313800492,0.09196875,0,0.327,0.7,16.33482278,0.00642395
0.184692893,0.1158125,0,0.218,66.15,32.08995126,0.00630188
0.202091409,0.08175,0,0.218,66.5,22.02431284,0.009262085
0.27703934,0.17371875,0,0.327,66.5,32.08995126,0.006378174
0.204715342,0.0749375,0,0.218,66.85,20.10550979,0.010818481
0.29404442,0.1430625,0,0.327,66.85,25.94447977,0.007720947
0.212720244,0.0476875,0,0.218,0,12.63562509,0.010162354
0.283190307,0.1635,0,0.327,0,30,0.007324219
0.21629017,0.02725,0,0.218,0.35,7.180755781,0.007904053
0.218,0,0,0.218,0,0,0.003173828
0.327,0,0,0.327,0,0,0.003143311
0.218,0,0,0.218,0.35,0,0.003845215
0.327,0,0,0.327,0.35,0,0.003326416
0.211077592,0.0545,0,0.218,2.1,14.47751219,0.006164551
0.211077592,0.0545,0,0.218,2.45,14.47751219,0.005691528
1.33E-17,0.218,0,0.218,65.8,90,0.005691528
0.218,0,0,0.218,0.35,0,0.006408691
0.21629017,0.02725,0,0.218,65.8,7.180755781,0.007446289
1.33E-17,0.218,0,0.218,66.15,90,0.00604248
0.218,0,0,0.218,0.35,0,0.006668091
0.214133683,0.040875,0,0.218,0.7,10.80692287,0.008377075
0.215322424,0.0340625,0,0.218,1.05,8.989299345,0.010070801
1.33E-17,0.218,0,0.218,65.8,90,0.009277344
1.33E-17,0.218,0,0.218,66.15,90,0.007293701
0.212720244,0.0476875,0,0.218,0.35,12.63562509,0.008636475
0.215322424,0.0340625,0,0.218,0.7,8.989299345,0.012329102
0.21629017,0.02725,0,0.218,1.05,7.180755781,0.012252808
1.33E-17,0.218,0,0.218,65.8,90,0.008926392
0.214133683,0.040875,0,0.218,0.35,10.80692287,0.01272583
0.215322424,0.0340625,0,0.218,0.7,8.989299345,0.015472412
0.310623107,0.1021875,0,0.327,0.7,18.20995686,0.008834839
0.214133683,0.040875,0,0.218,1.05,10.80692287,0.012496948
0.215322424,0.0340625,0,0.218,0,8.989299345,0.007019043
0.21629017,0.02725,0,0.218,0.35,7.180755781,0.013473511
0.21629017,0.02725,0,0.218,0.7,7.180755781,0.015762329
0.313800492,0.09196875,0,0.327,0.7,16.33482278,0.008880615
0.21629017,0.02725,0,0.218,1.05,7.180755781,0.012649536
0.218,0,0,0.218,0,0,0.005508423
0.21629017,0.02725,0,0.218,0,7.180755781,0.009689331
0.215322424,0.0340625,0,0.218,0.35,8.989299345,0.013824463
0.215322424,0.0340625,0,0.218,0.7,8.989299345,0.01574707
0.215322424,0.0340625,0,0.218,1.05,8.989299345,0.014190674
0.21629017,0.02725,0,0.218,65.8,7.180755781,0.010025024
0.218,0,0,0.218,0.35,0,0.010559082
1.33E-17,0.218,0,0.218,0,90,0.008682251
1.33E-17,0.218,0,0.218,0.35,90,0.011901855
1.33E-17,0.218,0,0.218,0.7,90,0.014892578
0.215322424,0.0340625,0,0.218,1.05,8.989299345,0.015319824
0.215322424,0.0340625,0,0.218,65.8,8.989299345,0.012619019
0.321200525,0.0613125,0,0.327,65.8,10.80692287,0.006774902
0.21629017,0.02725,0,0.218,66.15,7.180755781,0.008148193
1.33E-17,0.218,0,0.218,1.4,90,0.006912231
1.33E-17,0.218,0,0.218,0.7,90,0.012756348
1.33E-17,0.218,0,0.218,1.05,90,0.014892578
1.33E-17,0.218,0,0.218,65.8,90,0.013519287
0.322983635,0.05109375,0,0.327,65.8,8.989299345,0.007003784
1.33E-17,0.218,0,0.218,66.15,90,0.009552002
1.33E-17,0.218,0,0.218,0.7,90,0.010604858
1.33E-17,0.218,0,0.218,0,90,0.007644653
1.33E-17,0.218,0,0.218,0.35,90,0.00994873
2.00E-17,0.327,0,0.327,0.35,90,0.006561279
0.218,0,0,0.218,0,0,0.008224487
0.327,0,0,0.327,0,0,0.007400513
0.21629017,0.02725,0,0.218,66.5,7.180755781,0.009887695
0.212720244,0.0476875,0,0.218,66.85,12.63562509,0.00994873
0.218,0,0,0.218,0,0,0.009521484
0.327,0,0,0.327,0,0,0.007598877
1.33E-17,0.218,0,0.218,66.5,90,0.009994507
0.21629017,0.02725,0,0.218,66.85,7.180755781,0.011993408
0.184692893,0.1158125,0,0.218,0,32.08995126,0.0103302
0.218,0,0,0.218,0,0,0.009231567
1.33E-17,0.218,0,0.218,66.5,90,0.009658813
1.33E-17,0.218,0,0.218,66.85,90,0.013427734
2.00E-17,0.327,0,0.327,66.85,90,0.009384155
1.33E-17,0.218,0,0.218,0,90,0.014053345
2.00E-17,0.327,0,0.327,0,90,0.011184692
1.33E-17,0.218,0,0.218,0.35,90,0.012527466
2.00E-17,0.327,0,0.327,0.35,90,0.011154175
1.33E-17,0.218,0,0.218,0.7,90,0.009567261
2.00E-17,0.327,0,0.327,0.7,90,0.009811401
1.33E-17,0.218,0,0.218,1.05,90,0.007995605
2.00E-17,0.327,0,0.327,1.05,90,0.007583618
0.218,0,0,0.218,0,0,0.007614136
1.33E-17,0.218,0,0.218,66.85,90,0.013977051
2.00E-17,0.327,0,0.327,66.85,90,0.009994507
1.33E-17,0.218,0,0.218,0,90,0.016021729
2.00E-17,0.327,0,0.327,0,90,0.012374878
1.33E-17,0.218,0,0.218,0.35,90,0.014694214
2.00E-17,0.327,0,0.327,0.35,90,0.012130737
1.33E-17,0.218,0,0.218,0.7,90,0.011016846
2.00E-17,0.327,0,0.327,0.7,90,0.00944519
1.33E-17,0.218,0,0.218,1.05,90,0.006729126
2.00E-17,0.327,0,0.327,1.05,90,0.006332397
0.218,0,0,0.218,0,0,0.005767822
1.33E-17,0.218,0,0.218,66.85,90,0.012435913
1.33E-17,0.218,0,0.218,0,90,0.01574707
2.00E-17,0.327,0,0.327,0,90,0.011154175
1.33E-17,0.218,0,0.218,0.35,90,0.014953613
2.00E-17,0.327,0,0.327,0.35,90,0.009872437
1.33E-17,0.218,0,0.218,0.7,90,0.010147095
2.00E-17,0.327,0,0.327,0.7,90,0.006790161
0.218,0,0,0.218,0,0,0.006744385
1.33E-17,0.218,0,0.218,66.85,90,0.010391235
2.00E-17,0.327,0,0.327,66.85,90,0.008499146
1.33E-17,0.218,0,0.218,0,90,0.014144897
2.00E-17,0.327,0,0.327,0,90,0.009735107
1.33E-17,0.218,0,0.218,0.35,90,0.013763428
2.00E-17,0.327,0,0.327,0.35,90,0.007980347
1.33E-17,0.218,0,0.218,0.7,90,0.009460449
0.218,0,0,0.218,0,0,0.006149292
1.33E-17,0.218,0,0.218,66.85,90,0.009597778
2.00E-17,0.327,0,0.327,66.85,90,0.007217407
1.33E-17,0.218,0,0.218,0,90,0.012161255
2.00E-17,0.327,0,0.327,0,90,0.007843018
1.33E-17,0.218,0,0.218,0.35,90,0.011550903
1.33E-17,0.218,0,0.218,0.7,90,0.008483887
0.218,0,0,0.218,0.35,0,0.006118774
1.33E-17,0.218,0,0.218,66.85,90,0.008422852
1.33E-17,0.218,0,0.218,0,90,0.009262085
2.00E-17,0.327,0,0.327,0,90,0.005828857
1.33E-17,0.218,0,0.218,0.35,90,0.008544922
1.33E-17,0.218,0,0.218,66.5,90,0.006851196
1.33E-17,0.218,0,0.218,66.85,90,0.006668091
1.33E-17,0.218,0,0.218,0,90,0.00617981
1.33E-17,0.218,0,0.218,2.45,90,0.008453369
0.218,0,0,0.218,0.35,0,0.00479126
1.33E-17,0.218,0,0.218,1.4,90,0.00718689
1.33E-17,0.218,0,0.218,1.75,90,0.009963989
2.00E-17,0.327,0,0.327,1.75,90,0.007751465
1.33E-17,0.218,0,0.218,2.1,90,0.010574341
1.33E-17,0.218,0,0.218,2.45,90,0.008544922
0.327,0,0,0.327,0,0,0.003555298
1.33E-17,0.218,0,0.218,1.05,90,0.006027222
2.00E-17,0.327,0,0.327,1.05,90,0.005065918
1.33E-17,0.218,0,0.218,1.4,90,0.008636475
2.00E-17,0.327,0,0.327,1.4,90,0.006774902
1.33E-17,0.218,0,0.218,1.75,90,0.009857178
2.00E-17,0.327,0,0.327,1.75,90,0.007446289
1.33E-17,0.218,0,0.218,2.1,90,0.008911133
0.218,0,0,0.218,0,0,0.004989624
0.327,0,0,0.327,0,0,0.005004883
1.33E-17,0.218,0,0.218,1.05,90,0.0078125
2.00E-17,0.327,0,0.327,1.05,90,0.006668091
1.33E-17,0.218,0,0.218,1.4,90,0.008804321
2.00E-17,0.327,0,0.327,1.4,90,0.006729126
2.00E-17,0.327,0,0.327,0.35,90,0.005432129
1.33E-17,0.218,0,0.218,0.7,90,0.007263184
2.00E-17,0.327,0,0.327,0.7,90,0.006729126
1.33E-17,0.218,0,0.218,1.05,90,0.008209229
2.00E-17,0.327,0,0.327,1.05,90,0.006729126
2.00E-17,0.327,0,0.327,0.35,90,0.006027222
1.33E-17,0.218,0,0.218,0.7,90,0.008361816
2.00E-17,0.327,0,0.327,0.7,90,0.007293701
0.218,0,0,0.218,0,0,0.008560181
1.33E-17,0.218,0,0.218,0.35,90,0.009185791
2.00E-17,0.327,0,0.327,0.35,90,0.006607056
0.218,0,0,0.218,0,0,0.011901855
0.327,0,0,0.327,0,0,0.006835938
1.33E-17,0.218,0,0.218,65.8,90,0.009979248
1.33E-17,0.218,0,0.218,66.15,90,0.010604858
2.00E-17,0.327,0,0.327,66.15,90,0.007293701
1.33E-17,0.218,0,0.218,66.5,90,0.00932312
2.00E-17,0.327,0,0.327,66.5,90,0.006774902
1.33E-17,0.218,0,0.218,66.85,90,0.008865356
2.00E-17,0.327,0,0.327,66.85,90,0.005630493
1.33E-17,0.218,0,0.218,0,90,0.009811401
2.00E-17,0.327,0,0.327,0,90,0.006271362
1.33E-17,0.218,0,0.218,0.35,90,0.010314941
0.218,0,0,0.218,0.35,0,0.011520386
0.327,0,0,0.327,0.35,0,0.006393433
1.33E-17,0.218,0,0.218,0.35,90,0.009857178
1.33E-17,0.218,0,0.218,0.7,90,0.013320923
1.33E-17,0.218,0,0.218,1.05,90,0.014556885
1.33E-17,0.218,0,0.218,65.8,90,0.014160156
1.33E-17,0.218,0,0.218,66.15,90,0.013275146
2.00E-17,0.327,0,0.327,66.15,90,0.008529663
1.33E-17,0.218,0,0.218,66.5,90,0.011993408
2.00E-17,0.327,0,0.327,66.5,90,0.008270264
1.33E-17,0.218,0,0.218,66.85,90,0.011703491
0.324435255,0.040875,0,0.327,66.85,7.180755781,0.007858276
1.33E-17,0.218,0,0.218,0,90,0.011520386
0.321200525,0.0613125,0,0.327,0,10.80692287,0.007080078
1.33E-17,0.218,0,0.218,0.35,90,0.010284424
0.218,0,0,0.218,0.35,0,0.007583618
1.33E-17,0.218,0,0.218,0.7,90,0.013717651
1.33E-17,0.218,0,0.218,1.05,90,0.017486572
2.00E-17,0.327,0,0.327,1.05,90,0.009231567
1.33E-17,0.218,0,0.218,65.8,90,0.017028809
2.00E-17,0.327,0,0.327,65.8,90,0.009521484
1.33E-17,0.218,0,0.218,66.15,90,0.013366699
2.00E-17,0.327,0,0.327,66.15,90,0.008346558
1.33E-17,0.218,0,0.218,66.5,90,0.009414673
2.00E-17,0.327,0,0.327,66.5,90,0.007217407
0.192566131,0.1021875,0,0.218,66.85,27.95318688,0.009902954
0.215322424,0.0340625,0,0.218,0,8.989299345,0.011611938
1.33E-17,0.218,0,0.218,0.35,90,0.010040283
0.218,0,0,0.218,0,0,0.011978149
0.218,0,0,0.218,0.35,0,0.009750366
0.327,0,0,0.327,0.35,0,0.004959106
1.33E-17,0.218,0,0.218,0.35,90,0.008102417
1.33E-17,0.218,0,0.218,0.7,90,0.012832642
2.00E-17,0.327,0,0.327,0.7,90,0.007568359
1.33E-17,0.218,0,0.218,1.05,90,0.016784668
2.00E-17,0.327,0,0.327,1.05,90,0.009750366
1.33E-17,0.218,0,0.218,65.8,90,0.017181396
2.00E-17,0.327,0,0.327,65.8,90,0.009353638
1.33E-17,0.218,0,0.218,66.15,90,0.011962891
0.215322424,0.0340625,0,0.218,0,8.989299345,0.011566162
0.212720244,0.0476875,0,0.218,0.35,12.63562509,0.010543823
0.21629017,0.02725,0,0.218,1.4,7.180755781,0.004638672
1.33E-17,0.218,0,0.218,1.75,90,0.005645752
0.218,0,0,0.218,0,0,0.009307861
1.33E-17,0.218,0,0.218,0.35,90,0.009033203
1.33E-17,0.218,0,0.218,0.7,90,0.011169434
1.33E-17,0.218,0,0.218,1.05,90,0.013031006
1.33E-17,0.218,0,0.218,65.8,90,0.014602661
2.00E-17,0.327,0,0.327,65.8,90,0.00769043
1.33E-17,0.218,0,0.218,66.15,90,0.013702393
1.33E-17,0.218,0,0.218,66.5,90,0.010284424
0.214133683,0.040875,0,0.218,66.85,10.80692287,0.010879517
0.21629017,0.02725,0,0.218,0,7.180755781,0.013046265
0.212720244,0.0476875,0,0.218,0.35,12.63562509,0.011016846
0.218,0,0,0.218,0,0,0.013534546
0.21629017,0.02725,0,0.218,65.8,7.180755781,0.010482788
1.33E-17,0.218,0,0.218,66.15,90,0.014587402
0.21629017,0.02725,0,0.218,66.5,7.180755781,0.016479492
0.21629017,0.02725,0,0.218,66.85,7.180755781,0.017074585
0.214133683,0.040875,0,0.218,0,10.80692287,0.015716553
0.215322424,0.0340625,0,0.218,0.35,8.989299345,0.012619019
0.21629017,0.02725,0,0.218,1.75,7.180755781,0.009231567
0.21629017,0.02725,0,0.218,2.1,7.180755781,0.009124756
1.33E-17,0.218,0,0.218,2.45,90,0.005523682
0.218,0,0,0.218,0,0,0.007751465
0.218,0,0,0.218,0.35,0,0.008255005
0.214133683,0.040875,0,0.218,0,10.80692287,0.007263184
0.316616389,0.08175,0,0.327,0,14.47751219,0.003845215
0.21629017,0.02725,0,0.218,66.15,7.180755781,0.012863159
0.21629017,0.02725,0,0.218,66.5,7.180755781,0.016723633
0.21629017,0.02725,0,0.218,66.85,7.180755781,0.018600464
0.21629017,0.02725,0,0.218,0,7.180755781,0.017242432
0.319080366,0.07153125,0,0.327,0,12.63562509,0.007263184
0.21629017,0.02725,0,0.218,0.35,7.180755781,0.013870239
1.33E-17,0.218,0,0.218,0.7,90,0.009155273
1.33E-17,0.218,0,0.218,1.4,90,0.009140015
0.21629017,0.02725,0,0.218,1.75,7.180755781,0.013626099
1.33E-17,0.218,0,0.218,2.1,90,0.014221191
0.215322424,0.0340625,0,0.218,2.45,8.989299345,0.011566162
1.33E-17,0.218,0,0.218,0,90,0.007095337
0.214133683,0.040875,0,0.218,66.15,10.80692287,0.009307861
0.21629017,0.02725,0,0.218,66.5,7.180755781,0.013320923
1.33E-17,0.218,0,0.218,66.85,90,0.015167236
1.33E-17,0.218,0,0.218,0,90,0.014480591
1.33E-17,0.218,0,0.218,0.35,90,0.012405396
1.33E-17,0.218,0,0.218,0.7,90,0.010879517
1.33E-17,0.218,0,0.218,1.05,90,0.010482788
0.21629017,0.02725,0,0.218,1.4,7.180755781,0.012390137
0.21629017,0.02725,0,0.218,1.75,7.180755781,0.015045166
0.215322424,0.0340625,0,0.218,2.1,8.989299345,0.014877319
0.21629017,0.02725,0,0.218,2.45,7.180755781,0.011779785
1.33E-17,0.218,0,0.218,66.5,90,0.009292603
1.33E-17,0.218,0,0.218,66.85,90,0.010223389
1.33E-17,0.218,0,0.218,0,90,0.009078979
1.33E-17,0.218,0,0.218,0.7,90,0.008361816
0.215322424,0.0340625,0,0.218,1.05,8.989299345,0.01109314
0.21629017,0.02725,0,0.218,1.4,7.180755781,0.013122559
0.21629017,0.02725,0,0.218,1.75,7.180755781,0.01411438
0.214133683,0.040875,0,0.218,2.1,10.80692287,0.012496948
0.212720244,0.0476875,0,0.218,2.45,12.63562509,0.009063721
1.33E-17,0.218,0,0.218,66.5,90,0.005401611
0.214133683,0.040875,0,0.218,1.4,10.80692287,0.010040283
0.21629017,0.02725,0,0.218,1.75,7.180755781,0.011947632
0.214133683,0.040875,0,0.218,2.1,10.80692287,0.012084961
0.218,0,0,0.218,0.35,0,0.007232666
0.196029614,0.095375,0,0.218,0.7,25.94447977,0.005020142
0.218,0,0,0.218,0.35,0,0.006256104
0.215322424,0.0340625,0,0.218,0,8.989299345,0.005996704
0.212720244,0.0476875,0,0.218,0.35,12.63562509,0.008377075
0.21629017,0.02725,0,0.218,0.7,7.180755781,0.009780884
0.21629017,0.02725,0,0.218,1.05,7.180755781,0.010726929
6.67E-18,0.109,0,0.109,65.8,90,0.007659912
1.33E-17,0.218,0,0.218,65.8,90,0.010528564
6.67E-18,0.109,0,0.109,66.15,90,0.007385254
1.33E-17,0.218,0,0.218,66.15,90,0.00982666
0.218,0,0,0.218,0.35,0,0.010101318
1.33E-17,0.218,0,0.218,0,90,0.007202148
0.215322424,0.0340625,0,0.218,0.35,8.989299345,0.008956909
0.21629017,0.02725,0,0.218,0.7,7.180755781,0.01184082
6.67E-18,0.109,0,0.109,1.05,90,0.009384155
0.21629017,0.02725,0,0.218,1.05,7.180755781,0.014648438
6.67E-18,0.109,0,0.109,65.8,90,0.010131836
1.33E-17,0.218,0,0.218,65.8,90,0.015228271
6.67E-18,0.109,0,0.109,66.15,90,0.00869751
1.33E-17,0.218,0,0.218,66.15,90,0.012176514
0.218,0,0,0.218,0,0,0.013198853
0.109,0,0,0.109,0.35,0,0.00668335
0.218,0,0,0.218,0.35,0,0.013397217
0.215322424,0.0340625,0,0.218,0,8.989299345,0.007080078
0.212720244,0.0476875,0,0.218,0.35,12.63562509,0.010269165
6.67E-18,0.109,0,0.109,0.7,90,0.008651733
0.21629017,0.02725,0,0.218,0.7,7.180755781,0.015625
6.67E-18,0.109,0,0.109,1.05,90,0.010910034
1.33E-17,0.218,0,0.218,1.05,90,0.018066406
6.67E-18,0.109,0,0.109,65.8,90,0.01083374
1.33E-17,0.218,0,0.218,65.8,90,0.017242432
6.67E-18,0.109,0,0.109,66.15,90,0.008758545
1.33E-17,0.218,0,0.218,66.15,90,0.013946533
1.33E-17,0.218,0,0.218,2.1,90,0.007614136
1.33E-17,0.218,0,0.218,2.45,90,0.008209229
0.218,0,0,0.218,0,0,0.011917114
0.218,0,0,0.218,0.35,0,0.008529663
1.33E-17,0.218,0,0.218,0.35,90,0.006637573
1.33E-17,0.218,0,0.218,0.7,90,0.012969971
6.67E-18,0.109,0,0.109,1.05,90,0.009658813
1.33E-17,0.218,0,0.218,1.05,90,0.016555786
6.67E-18,0.109,0,0.109,65.8,90,0.009078979
1.33E-17,0.218,0,0.218,65.8,90,0.015533447
6.67E-18,0.109,0,0.109,66.15,90,0.007522583
1.33E-17,0.218,0,0.218,66.15,90,0.012786865
1.33E-17,0.218,0,0.218,66.5,90,0.009933472
1.33E-17,0.218,0,0.218,0.35,90,0.012451172
0.214133683,0.040875,0,0.218,0.7,10.80692287,0.014190674
0.204715342,0.0749375,0,0.218,1.05,20.10550979,0.013504028
0.184692893,0.1158125,0,0.218,1.4,32.08995126,0.011413574
1.33E-17,0.218,0,0.218,1.75,90,0.011489868
1.33E-17,0.218,0,0.218,2.1,90,0.011734009
0.218,0,0,0.218,0,0,0.014694214
0.218,0,0,0.218,0.35,0,0.016998291
1.33E-17,0.218,0,0.218,0,90,0.006362915
1.33E-17,0.218,0,0.218,0.7,90,0.008529663
6.67E-18,0.109,0,0.109,1.05,90,0.007324219
1.33E-17,0.218,0,0.218,1.05,90,0.012557983
6.67E-18,0.109,0,0.109,65.8,90,0.007064819
1.33E-17,0.218,0,0.218,65.8,90,0.013748169
1.33E-17,0.218,0,0.218,66.15,90,0.009841919
1.33E-17,0.218,0,0.218,0,90,0.013549805
1.33E-17,0.218,0,0.218,0.35,90,0.017578125
1.33E-17,0.218,0,0.218,0.7,90,0.019210815
0.211077592,0.0545,0,0.218,1.05,14.47751219,0.020004272
0.207082072,0.068125,0,0.218,1.4,18.20995686,0.018859863
0.21629017,0.02725,0,0.218,1.75,7.180755781,0.018112183
1.33E-17,0.218,0,0.218,2.1,90,0.015762329
1.33E-17,0.218,0,0.218,2.45,90,0.010848999
0.218,0,0,0.218,0,0,0.008789063
0.218,0,0,0.218,0.35,0,0.006362915
0.212720244,0.0476875,0,0.218,0,12.63562509,0.007156372
1.33E-17,0.218,0,0.218,1.05,90,0.010040283
1.33E-17,0.218,0,0.218,65.8,90,0.013534546
0.21629017,0.02725,0,0.218,66.15,7.180755781,0.010314941
1.33E-17,0.218,0,0.218,66.85,90,0.010025024
1.33E-17,0.218,0,0.218,0,90,0.016067505
1.33E-17,0.218,0,0.218,0.35,90,0.01864624
6.67E-18,0.109,0,0.109,0.7,90,0.007904053
0.21629017,0.02725,0,0.218,0.7,7.180755781,0.020233154
0.215322424,0.0340625,0,0.218,1.05,8.989299345,0.021774292
0.214133683,0.040875,0,0.218,1.4,10.80692287,0.021789551
0.212720244,0.0476875,0,0.218,1.75,12.63562509,0.019195557
0.211077592,0.0545,0,0.218,2.1,14.47751219,0.014541626
0.212720244,0.0476875,0,0.218,2.45,12.63562509,0.010269165
0.218,0,0,0.218,0,0,0.011856079
0.218,0,0,0.218,0.35,0,0.016448975
0.327,0,0,0.327,0.35,0,0.006149292
0.180241808,0.122625,0,0.218,0,34.22886633,0.004180908
1.33E-17,0.218,0,0.218,1.05,90,0.011825562
1.33E-17,0.218,0,0.218,65.8,90,0.015274048
1.33E-17,0.218,0,0.218,66.15,90,0.014938354
1.33E-17,0.218,0,0.218,66.5,90,0.013427734
1.33E-17,0.218,0,0.218,66.85,90,0.014556885
1.33E-17,0.218,0,0.218,0,90,0.015014648
1.33E-17,0.218,0,0.218,0.35,90,0.013183594
1.33E-17,0.218,0,0.218,0.7,90,0.014190674
0.21629017,0.02725,0,0.218,1.05,7.180755781,0.018203735
0.215322424,0.0340625,0,0.218,1.4,8.989299345,0.01991272
0.21629017,0.02725,0,0.218,1.75,7.180755781,0.01713562
0.215322424,0.0340625,0,0.218,2.1,8.989299345,0.011428833
0.204715342,0.0749375,0,0.218,2.45,20.10550979,0.006729126
0.218,0,0,0.218,0,0,0.00894165
1.33E-17,0.218,0,0.218,1.05,90,0.012695313
1.33E-17,0.218,0,0.218,65.8,90,0.016326904
1.33E-17,0.218,0,0.218,66.15,90,0.018066406
1.33E-17,0.218,0,0.218,66.5,90,0.018341064
2.00E-17,0.327,0,0.327,66.5,90,0.006881714
1.33E-17,0.218,0,0.218,66.85,90,0.016357422
1.33E-17,0.218,0,0.218,0,90,0.011688232
1.33E-17,0.218,0,0.218,1.05,90,0.012359619
0.21629017,0.02725,0,0.218,1.4,7.180755781,0.015075684
0.21629017,0.02725,0,0.218,1.75,7.180755781,0.013824463
1.33E-17,0.218,0,0.218,2.1,90,0.009933472
0.218,0,0,0.218,0.35,0,0.008529663
1.33E-17,0.218,0,0.218,1.05,90,0.011505127
1.33E-17,0.218,0,0.218,65.8,90,0.015670776
1.33E-17,0.218,0,0.218,66.15,90,0.017456055
1.33E-17,0.218,0,0.218,66.5,90,0.016387939
2.00E-17,0.327,0,0.327,66.5,90,0.006256104
1.33E-17,0.218,0,0.218,66.85,90,0.013626099
1.33E-17,0.218,0,0.218,0,90,0.008926392
0.211077592,0.0545,0,0.218,1.4,14.47751219,0.00944519
1.33E-17,0.218,0,0.218,1.05,90,0.009597778
1.33E-17,0.218,0,0.218,65.8,90,0.012298584
1.33E-17,0.218,0,0.218,66.15,90,0.012741089
1.33E-17,0.218,0,0.218,66.5,90,0.01071167
1.33E-17,0.218,0,0.218,66.85,90,0.008728027
1.33E-17,0.218,0,0.218,0,90,0.007858276
1.33E-17,0.218,0,0.218,65.8,90,0.00793457
1.33E-17,0.218,0,0.218,0,90,0.004760742
1.33E-17,0.218,0,0.218,0.35,90,0.005615234
1.33E-17,0.218,0,0.218,1.4,90,0.003005981
1.33E-17,0.218,0,0.218,1.4,90,0.004241943
0.218,0,0,0.218,0,0,0.005340576
0.218,0,0,0.218,0.35,0,0.006500244
1.33E-17,0.218,0,0.218,1.4,90,0.010070801
1.33E-17,0.218,0,0.218,1.05,90,0.00932312
1.33E-17,0.218,0,0.218,1.4,90,0.011138916
1.33E-17,0.218,0,0.218,1.75,90,0.010803223
0.218,0,0,0.218,0.35,0,0.005187988
1.33E-17,0.218,0,0.218,1.05,90,0.009170532
1.33E-17,0.218,0,0.218,1.4,90,0.011352539
1.33E-17,0.218,0,0.218,1.75,90,0.010742188
1.33E-17,0.218,0,0.218,2.1,90,0.007781982
0.218,0,0,0.218,0,0,0.005142212
0.218,0,0,0.218,0.35,0,0.007171631
1.33E-17,0.218,0,0.218,1.4,90,0.011016846
1.33E-17,0.218,0,0.218,1.75,90,0.009475708
0.218,0,0,0.218,0,0,0.010940552
1.33E-17,0.218,0,0.218,66.5,90,0.007019043
1.33E-17,0.218,0,0.218,66.85,90,0.008361816
1.33E-17,0.218,0,0.218,0,90,0.007827759
1.33E-17,0.218,0,0.218,0.7,90,0.008331299
1.33E-17,0.218,0,0.218,1.05,90,0.010345459
1.33E-17,0.218,0,0.218,1.4,90,0.008529663
0.218,0,0,0.218,0,0,0.014404297
1.33E-17,0.218,0,0.218,66.15,90,0.007476807
1.33E-17,0.218,0,0.218,66.5,90,0.011047363
1.33E-17,0.218,0,0.218,66.85,90,0.013214111
1.33E-17,0.218,0,0.218,0,90,0.013839722
1.33E-17,0.218,0,0.218,0.35,90,0.01411438
1.33E-17,0.218,0,0.218,0.7,90,0.013717651
1.33E-17,0.218,0,0.218,1.05,90,0.010559082
0.218,0,0,0.218,0,0,0.012664795
0.214133683,0.040875,0,0.218,0,10.80692287,0.007858276
0.207082072,0.068125,0,0.218,0.35,18.20995686,0.006973267
1.33E-17,0.218,0,0.218,66.15,90,0.008666992
1.33E-17,0.218,0,0.218,66.5,90,0.014572144
1.33E-17,0.218,0,0.218,66.85,90,0.018341064
1.33E-17,0.218,0,0.218,0,90,0.01902771
1.33E-17,0.218,0,0.218,0.35,90,0.018264771
1.33E-17,0.218,0,0.218,0.7,90,0.015441895
1.33E-17,0.218,0,0.218,1.05,90,0.011810303
1.33E-17,0.218,0,0.218,2.45,90,0.008605957
0.218,0,0,0.218,0,0,0.009307861
0.218,0,0,0.218,0.35,0,0.013916016
0.107661212,0.01703125,0,0.109,66.15,8.989299345,0.006286621
0.212720244,0.0476875,0,0.218,66.15,12.63562509,0.013153076
6.67E-18,0.109,0,0.109,66.5,90,0.008575439
1.33E-17,0.218,0,0.218,66.5,90,0.020141602
1.33E-17,0.218,0,0.218,66.85,90,0.022659302
1.33E-17,0.218,0,0.218,0,90,0.018920898
1.33E-17,0.218,0,0.218,0.35,90,0.013580322
1.33E-17,0.218,0,0.218,0.7,90,0.0131073
1.33E-17,0.218,0,0.218,1.05,90,0.013763428
1.33E-17,0.218,0,0.218,1.4,90,0.011367798
0.218,0,0,0.218,0,0,0.022201538
0.327,0,0,0.327,0,0,0.008483887
0.218,0,0,0.218,0.35,0,0.017059326
0.214133683,0.040875,0,0.218,1.05,10.80692287,0.010742188
0.204715342,0.0749375,0,0.218,65.8,20.10550979,0.013687134
0.212720244,0.0476875,0,0.218,66.15,12.63562509,0.02053833
6.67E-18,0.109,0,0.109,66.5,90,0.010406494
0.215322424,0.0340625,0,0.218,66.5,8.989299345,0.025863647
6.67E-18,0.109,0,0.109,66.85,90,0.00970459
1.33E-17,0.218,0,0.218,66.85,90,0.025405884
1.33E-17,0.218,0,0.218,0,90,0.016525269
0.21629017,0.02725,0,0.218,1.05,7.180755781,0.01574707
0.21629017,0.02725,0,0.218,1.4,7.180755781,0.014389038
0.218,0,0,0.218,0,0,0.015472412
0.218,0,0,0.218,0.35,0,0.006729126
0.215322424,0.0340625,0,0.218,0.35,8.989299345,0.00680542
0.215322424,0.0340625,0,0.218,0.7,8.989299345,0.01008606
0.207082072,0.068125,0,0.218,1.05,18.20995686,0.014068604
0.211077592,0.0545,0,0.218,65.8,14.47751219,0.019042969
0.214133683,0.040875,0,0.218,66.15,10.80692287,0.024337769
0.215322424,0.0340625,0,0.218,66.5,8.989299345,0.02734375
0.313800492,0.09196875,0,0.327,66.5,16.33482278,0.007781982
0.21629017,0.02725,0,0.218,66.85,7.180755781,0.026046753
0.316616389,0.08175,0,0.327,66.85,14.47751219,0.007232666
0.21629017,0.02725,0,0.218,0,7.180755781,0.019302368
0.211077592,0.0545,0,0.218,0.35,14.47751219,0.012023926
0.202091409,0.08175,0,0.218,0.7,22.02431284,0.013565063
0.215322424,0.0340625,0,0.218,1.05,8.989299345,0.016677856
0.21629017,0.02725,0,0.218,1.4,7.180755781,0.015258789
0.218,0,0,0.218,0.35,0,0.012817383
0.21629017,0.02725,0,0.218,0.35,7.180755781,0.008377075
0.215322424,0.0340625,0,0.218,0.7,8.989299345,0.011550903
0.21629017,0.02725,0,0.218,1.05,7.180755781,0.014892578
0.211077592,0.0545,0,0.218,65.8,14.47751219,0.01751709
0.316616389,0.08175,0,0.327,65.8,14.47751219,0.006530762
0.212720244,0.0476875,0,0.218,66.15,12.63562509,0.020645142
0.313800492,0.09196875,0,0.327,66.15,16.33482278,0.007400513
0.215322424,0.0340625,0,0.218,66.5,8.989299345,0.022598267
0.303137113,0.122625,0,0.327,66.5,22.02431284,0.007553101
0.215322424,0.0340625,0,0.218,66.85,8.989299345,0.023254395
0.214133683,0.040875,0,0.218,0,10.80692287,0.022216797
0.214133683,0.040875,0,0.218,0.35,10.80692287,0.020248413
0.215322424,0.0340625,0,0.218,0.7,8.989299345,0.018692017
0.21629017,0.02725,0,0.218,1.05,7.180755781,0.01763916
0.21629017,0.02725,0,0.218,1.4,7.180755781,0.014251709
1.33E-17,0.218,0,0.218,1.05,90,0.011291504
0.212720244,0.0476875,0,0.218,65.8,12.63562509,0.011566162
0.211077592,0.0545,0,0.218,66.15,14.47751219,0.012710571
0.211077592,0.0545,0,0.218,66.5,14.47751219,0.014556885
0.212720244,0.0476875,0,0.218,66.85,12.63562509,0.016464233
0.215322424,0.0340625,0,0.218,0,8.989299345,0.018890381
0.215322424,0.0340625,0,0.218,0.35,8.989299345,0.020126343
0.212720244,0.0476875,0,0.218,0.7,12.63562509,0.018569946
0.21629017,0.02725,0,0.218,1.05,7.180755781,0.015686035
1.33E-17,0.218,0,0.218,1.4,90,0.011138916
0.214133683,0.040875,0,0.218,66.5,10.80692287,0.006469727
0.21629017,0.02725,0,0.218,66.85,7.180755781,0.007888794
0.212720244,0.0476875,0,0.218,0,12.63562509,0.010772705
0.215322424,0.0340625,0,0.218,0.35,8.989299345,0.013442993
0.215322424,0.0340625,0,0.218,0.7,8.989299345,0.01385498
0.215322424,0.0340625,0,0.218,1.05,8.989299345,0.011383057
1.33E-17,0.218,0,0.218,1.4,90,0.007324219
0.212720244,0.0476875,0,0.218,1.05,12.63562509,0.007156372
1.07E-16,1.744,0,1.744,0.35,90,0.004119873
0.204715342,0.0749375,0,0.218,1.05,20.10550979,0.004394531
0.218,0,0,0.218,0,0,0.004318237
0.21629017,0.02725,0,0.218,0.7,7.180755781,0.009262085
0.21629017,0.02725,0,0.218,1.05,7.180755781,0.008605957
0.218,0,0,0.218,0,0,0.007019043
0.218,0,0,0.218,0.35,0,0.007705688
0.21629017,0.02725,0,0.218,1.05,7.180755781,0.009033203
1.33E-17,0.218,0,0.218,65.8,90,0.006759644
0.21629017,0.02725,0,0.218,0,7.180755781,0.005935669
0.202091409,0.08175,0,0.218,0.35,22.02431284,0.005905151
0.215322424,0.0340625,0,0.218,2.1,8.989299345,0.008590698
0.21629017,0.02725,0,0.218,2.45,7.180755781,0.006713867
0.218,0,0,0.218,0,0,0.014923096
0.218,0,0,0.218,0.35,0,0.008209229
0.21629017,0.02725,0,0.218,0,7.180755781,0.007843018
0.21629017,0.02725,0,0.218,0.35,7.180755781,0.009490967
0.21629017,0.02725,0,0.218,0.7,7.180755781,0.010375977
0.21629017,0.02725,0,0.218,1.05,7.180755781,0.009521484
0.21629017,0.02725,0,0.218,65.8,7.180755781,0.006835938
1.33E-17,0.218,0,0.218,0,90,0.010803223
1.33E-17,0.218,0,0.218,0.35,90,0.012069702
1.33E-17,0.218,0,0.218,0.7,90,0.011291504
1.33E-17,0.218,0,0.218,1.05,90,0.010101318
1.33E-17,0.218,0,0.218,1.4,90,0.010894775
0.215322424,0.0340625,0,0.218,1.75,8.989299345,0.011322021
0.214133683,0.040875,0,0.218,2.1,10.80692287,0.009719849
0.214133683,0.040875,0,0.218,2.45,10.80692287,0.007675171
0.109,0,0,0.109,0,0,0.005844116
0.218,0,0,0.218,0,0,0.016204834
0.327,0,0,0.327,0,0,0.005783081
0.218,0,0,0.218,0.35,0,0.015136719
0.327,0,0,0.327,0.35,0,0.006912231
0.214133683,0.040875,0,0.218,0,10.80692287,0.005599976
0.214133683,0.040875,0,0.218,0.35,10.80692287,0.008422852
0.211077592,0.0545,0,0.218,0.7,14.47751219,0.010040283
1.33E-17,0.218,0,0.218,66.85,90,0.010238647
1.33E-17,0.218,0,0.218,0,90,0.01499939
1.33E-17,0.218,0,0.218,0.35,90,0.018753052
1.33E-17,0.218,0,0.218,0.7,90,0.019378662
1.33E-17,0.218,0,0.218,1.05,90,0.018417358
1.33E-17,0.218,0,0.218,1.4,90,0.017120361
0.212720244,0.0476875,0,0.218,1.75,12.63562509,0.014175415
0.209200328,0.0613125,0,0.218,2.1,16.33482278,0.010467529
0.202091409,0.08175,0,0.218,2.45,22.02431284,0.00642395
0.218,0,0,0.218,0,0,0.012786865
0.214133683,0.040875,0,0.218,0.7,10.80692287,0.00958252
1.33E-17,0.218,0,0.218,66.85,90,0.013137817
1.33E-17,0.218,0,0.218,0,90,0.018844604
6.67E-18,0.109,0,0.109,0.35,90,0.008056641
1.33E-17,0.218,0,0.218,0.35,90,0.022521973
1.33E-17,0.218,0,0.218,0.7,90,0.023910522
1.33E-17,0.218,0,0.218,1.05,90,0.022857666
1.33E-17,0.218,0,0.218,1.4,90,0.019973755
0.322983635,0.05109375,0,0.327,1.4,8.989299345,0.007598877
0.215322424,0.0340625,0,0.218,1.75,8.989299345,0.015457153
0.196029614,0.095375,0,0.218,2.1,25.94447977,0.009674072
0.218,0,0,0.218,0.35,0,0.013137817
1.33E-17,0.218,0,0.218,66.5,90,0.010696411
1.33E-17,0.218,0,0.218,66.85,90,0.016357422
6.67E-18,0.109,0,0.109,0,90,0.006851196
1.33E-17,0.218,0,0.218,0,90,0.019241333
2.00E-17,0.327,0,0.327,0,90,0.005462646
6.67E-18,0.109,0,0.109,0.35,90,0.007843018
1.33E-17,0.218,0,0.218,0.35,90,0.019500732
1.33E-17,0.218,0,0.218,0.7,90,0.01991272
1.33E-17,0.218,0,0.218,1.05,90,0.021865845
0.215322424,0.0340625,0,0.218,1.4,8.989299345,0.019897461
2.00E-17,0.327,0,0.327,1.4,90,0.009170532
0.211077592,0.0545,0,0.218,1.75,14.47751219,0.014297485
0.270362712,0.1839375,0,0.327,1.75,34.22886633,0.006988525
0.218,0,0,0.218,0,0,0.012130737
0.327,0,0,0.327,0,0,0.008239746
0.218,0,0,0.218,0.35,0,0.008804321
0.327,0,0,0.327,0.35,0,0.006469727
1.33E-17,0.218,0,0.218,66.5,90,0.014205933
1.33E-17,0.218,0,0.218,66.85,90,0.017608643
1.33E-17,0.218,0,0.218,0,90,0.016845703
1.33E-17,0.218,0,0.218,0.35,90,0.010910034
1.33E-17,0.218,0,0.218,0.7,90,0.009216309
1.33E-17,0.218,0,0.218,1.05,90,0.016830444
2.00E-17,0.327,0,0.327,1.05,90,0.009063721
1.33E-17,0.218,0,0.218,1.4,90,0.019256592
2.00E-17,0.327,0,0.327,1.4,90,0.010192871
0.164490489,0.1430625,0,0.218,1.75,41.01449967,0.01449585
0.218,0,0,0.218,0,0,0.008773804
0.212720244,0.0476875,0,0.218,0,12.63562509,0.005554199
1.33E-17,0.218,0,0.218,66.15,90,0.009719849
1.33E-17,0.218,0,0.218,66.5,90,0.01348877
1.33E-17,0.218,0,0.218,66.85,90,0.014984131
1.33E-17,0.218,0,0.218,0,90,0.014221191
1.33E-17,0.218,0,0.218,0.35,90,0.008239746
0.12708554,0.177125,0,0.218,0.7,54.3409123,0.006164551
2.00E-17,0.327,0,0.327,0.7,90,0.006744385
1.33E-17,0.218,0,0.218,1.05,90,0.014373779
2.00E-17,0.327,0,0.327,1.05,90,0.010192871
1.33E-17,0.218,0,0.218,1.4,90,0.017654419
2.00E-17,0.327,0,0.327,1.4,90,0.011352539
1.33E-17,0.218,0,0.218,1.75,90,0.014450073
0.218,0,0,0.218,0,0,0.007888794
0.327,0,0,0.327,0,0,0.007354736
0.218,0,0,0.218,0.35,0,0.011352539
0.327,0,0,0.327,0.35,0,0.008758545
1.33E-17,0.218,0,0.218,65.8,90,0.00692749
2.00E-17,0.327,0,0.327,65.8,90,0.006652832
1.33E-17,0.218,0,0.218,66.15,90,0.008972168
1.33E-17,0.218,0,0.218,0,90,0.011978149
1.33E-17,0.218,0,0.218,0.35,90,0.013412476
2.00E-17,0.327,0,0.327,0.35,90,0.008956909
1.33E-17,0.218,0,0.218,0.7,90,0.014465332
2.00E-17,0.327,0,0.327,0.7,90,0.010971069
1.33E-17,0.218,0,0.218,1.05,90,0.015701294
2.00E-17,0.327,0,0.327,1.05,90,0.012161255
1.33E-17,0.218,0,0.218,1.4,90,0.015228271
2.00E-17,0.327,0,0.327,1.4,90,0.01083374
0.218,0,0,0.218,0,0,0.00894165
0.327,0,0,0.327,0,0,0.008132935
0.303137113,0.122625,0,0.327,65.8,22.02431284,0.007827759
1.33E-17,0.218,0,0.218,0.35,90,0.015396118
2.00E-17,0.327,0,0.327,0.35,90,0.010787964
1.33E-17,0.218,0,0.218,0.7,90,0.017822266
2.00E-17,0.327,0,0.327,0.7,90,0.013031006
1.33E-17,0.218,0,0.218,1.05,90,0.016433716
2.00E-17,0.327,0,0.327,1.05,90,0.012161255
1.33E-17,0.218,0,0.218,1.4,90,0.011978149
0.218,0,0,0.218,0.35,0,0.007507324
0.327,0,0,0.327,0.35,0,0.007247925
1.33E-17,0.218,0,0.218,0.35,90,0.013137817
2.00E-17,0.327,0,0.327,0.35,90,0.010360718
1.33E-17,0.218,0,0.218,0.7,90,0.01574707
2.00E-17,0.327,0,0.327,0.7,90,0.013275146
1.33E-17,0.218,0,0.218,1.05,90,0.014480591
2.00E-17,0.327,0,0.327,1.05,90,0.011871338
0.218,0,0,0.218,0,0,0.006622314
0.327,0,0,0.327,0,0,0.007217407
0.218,0,0,0.218,0.35,0,0.008148193
0.327,0,0,0.327,0.35,0,0.00831604
1.33E-17,0.218,0,0.218,0.35,90,0.009338379
2.00E-17,0.327,0,0.327,0.35,90,0.008682251
1.33E-17,0.218,0,0.218,0.7,90,0.013305664
2.00E-17,0.327,0,0.327,0.7,90,0.012619019
1.33E-17,0.218,0,0.218,1.05,90,0.013214111
2.00E-17,0.327,0,0.327,1.05,90,0.012634277
1.33E-17,0.218,0,0.218,1.4,90,0.00869751
2.00E-17,0.327,0,0.327,1.4,90,0.008605957
0.218,0,0,0.218,0,0,0.007858276
0.327,0,0,0.327,0,0,0.009811401
0.327,0,0,0.327,0.35,0,0.005187988
2.00E-17,0.327,0,0.327,66.5,90,0.008590698
1.33E-17,0.218,0,0.218,0.35,90,0.008010864
2.00E-17,0.327,0,0.327,0.35,90,0.010009766
1.33E-17,0.218,0,0.218,0.7,90,0.011825562
2.00E-17,0.327,0,0.327,0.7,90,0.013305664
1.33E-17,0.218,0,0.218,1.05,90,0.011871338
2.00E-17,0.327,0,0.327,1.05,90,0.012680054
1.33E-17,0.218,0,0.218,1.4,90,0.009338379
2.00E-17,0.327,0,0.327,1.4,90,0.009872437
0.218,0,0,0.218,0,0,0.007080078
0.327,0,0,0.327,0,0,0.009811401
1.33E-17,0.218,0,0.218,66.15,90,0.007797241
2.00E-17,0.327,0,0.327,66.15,90,0.008132935
1.33E-17,0.218,0,0.218,66.5,90,0.00958252
2.00E-17,0.327,0,0.327,66.5,90,0.010406494
1.33E-17,0.218,0,0.218,66.85,90,0.00843811
2.00E-17,0.327,0,0.327,66.85,90,0.010116577
1.33E-17,0.218,0,0.218,0,90,0.007659912
2.00E-17,0.327,0,0.327,0,90,0.009780884
1.33E-17,0.218,0,0.218,0.35,90,0.009170532
2.00E-17,0.327,0,0.327,0.35,90,0.01159668
1.33E-17,0.218,0,0.218,0.7,90,0.009887695
2.00E-17,0.327,0,0.327,0.7,90,0.012496948
1.33E-17,0.218,0,0.218,1.05,90,0.009490967
2.00E-17,0.327,0,0.327,1.05,90,0.011535645
1.33E-17,0.218,0,0.218,1.4,90,0.007339478
2.00E-17,0.327,0,0.327,1.4,90,0.008117676
0.218,0,0,0.218,0,0,0.00428772
0.327,0,0,0.327,0,0,0.004379272
0.218,0,0,0.218,0.35,0,0.007827759
0.327,0,0,0.327,0.35,0,0.010620117
2.00E-17,0.327,0,0.327,65.8,90,0.008666992
1.33E-17,0.218,0,0.218,66.15,90,0.008605957
2.00E-17,0.327,0,0.327,66.15,90,0.011032104
1.33E-17,0.218,0,0.218,66.5,90,0.010574341
2.00E-17,0.327,0,0.327,66.5,90,0.012710571
1.33E-17,0.218,0,0.218,66.85,90,0.010864258
2.00E-17,0.327,0,0.327,66.85,90,0.013168335
1.33E-17,0.218,0,0.218,0,90,0.009567261
2.00E-17,0.327,0,0.327,0,90,0.011734009
1.33E-17,0.218,0,0.218,0.35,90,0.007583618
2.00E-17,0.327,0,0.327,0.35,90,0.010116577
1.33E-17,0.218,0,0.218,0.7,90,0.00692749
2.00E-17,0.327,0,0.327,0.7,90,0.010025024
1.33E-17,0.218,0,0.218,1.05,90,0.007034302
2.00E-17,0.327,0,0.327,1.05,90,0.009735107
0.12708554,0.177125,0,0.218,1.4,54.3409123,0.005020142
2.00E-17,0.327,0,0.327,1.4,90,0.006759644
0.327,0,0,0.327,0,0,0.007278442
0.327,0,0,0.327,0.35,0,0.003936768
0.531800611,0.11921875,0,0.545,0.35,12.63562509,0.006072998
0.527693981,0.13625,0,0.545,0.7,14.47751219,0.007034302
2.00E-17,0.327,0,0.327,1.05,90,0.009124756
1.33E-17,0.218,0,0.218,65.8,90,0.007751465
2.00E-17,0.327,0,0.327,65.8,90,0.00982666
1.33E-17,0.218,0,0.218,66.15,90,0.008392334
2.00E-17,0.327,0,0.327,66.15,90,0.011489868
1.33E-17,0.218,0,0.218,66.5,90,0.010253906
2.00E-17,0.327,0,0.327,66.5,90,0.013381958
1.33E-17,0.218,0,0.218,66.85,90,0.011047363
2.00E-17,0.327,0,0.327,66.85,90,0.013717651
1.33E-17,0.218,0,0.218,0,90,0.008743286
2.00E-17,0.327,0,0.327,0,90,0.009994507
2.00E-17,0.327,0,0.327,0.7,90,0.005859375
1.33E-17,0.218,0,0.218,1.05,90,0.005905151
2.00E-17,0.327,0,0.327,1.05,90,0.009124756
1.33E-17,0.218,0,0.218,1.4,90,0.005325317
2.00E-17,0.327,0,0.327,1.4,90,0.008056641
0.327,0,0,0.327,0,0,0.008209229
0.531800611,0.11921875,0,0.545,0.7,12.63562509,0.008071899
2.00E-17,0.327,0,0.327,65.8,90,0.007492065
2.00E-17,0.327,0,0.327,66.15,90,0.007720947
1.33E-17,0.218,0,0.218,66.5,90,0.007369995
2.00E-17,0.327,0,0.327,66.5,90,0.0105896
1.33E-17,0.218,0,0.218,66.85,90,0.01008606
2.00E-17,0.327,0,0.327,66.85,90,0.012283325
1.33E-17,0.218,0,0.218,0,90,0.00869751
2.00E-17,0.327,0,0.327,0,90,0.009857178
2.00E-17,0.327,0,0.327,0.7,90,0.006164551
1.33E-17,0.218,0,0.218,1.05,90,0.005844116
2.00E-17,0.327,0,0.327,1.05,90,0.009170532
1.33E-17,0.218,0,0.218,1.4,90,0.006088257
2.00E-17,0.327,0,0.327,1.4,90,0.009231567
2.00E-17,0.327,0,0.327,1.75,90,0.007415771
0.218,0,0,0.218,0,0,0.005935669
0.327,0,0,0.327,0,0,0.006546021
1.635,0,0,1.635,0,0,0.002563477
2.00E-17,0.327,0,0.327,66.5,90,0.006317139
1.33E-17,0.218,0,0.218,66.85,90,0.009979248
2.00E-17,0.327,0,0.327,66.85,90,0.011245728
1.33E-17,0.218,0,0.218,0,90,0.010986328
2.00E-17,0.327,0,0.327,0,90,0.012161255
1.33E-17,0.218,0,0.218,0.35,90,0.008666992
2.00E-17,0.327,0,0.327,0.35,90,0.010467529
2.00E-17,0.327,0,0.327,0.7,90,0.008758545
2.00E-17,0.327,0,0.327,1.05,90,0.008163452
2.00E-17,0.327,0,0.327,1.4,90,0.007965088
0.218,0,0,0.218,0,0,0.009994507
0.327,0,0,0.327,0,0,0.00769043
1.33E-17,0.218,0,0.218,66.85,90,0.011230469
2.00E-17,0.327,0,0.327,66.85,90,0.011276245
1.33E-17,0.218,0,0.218,0,90,0.012680054
2.00E-17,0.327,0,0.327,0,90,0.013397217
1.33E-17,0.218,0,0.218,0.35,90,0.010955811
2.00E-17,0.327,0,0.327,0.35,90,0.012481689
1.33E-17,0.218,0,0.218,0.7,90,0.006256104
2.00E-17,0.327,0,0.327,0.7,90,0.008682251
1.33E-17,0.218,0,0.218,1.75,90,0.008087158
1.33E-17,0.218,0,0.218,2.1,90,0.007949829
2.00E-17,0.327,0,0.327,0,90,0.004440308
1.33E-17,0.218,0,0.218,66.85,90,0.011032104
2.00E-17,0.327,0,0.327,66.85,90,0.010925293
1.33E-17,0.218,0,0.218,0,90,0.012527466
2.00E-17,0.327,0,0.327,0,90,0.011978149
1.33E-17,0.218,0,0.218,0.35,90,0.011962891
2.00E-17,0.327,0,0.327,0.35,90,0.010986328
1.33E-17,0.218,0,0.218,0.7,90,0.00881958
2.00E-17,0.327,0,0.327,0.7,90,0.007202148
1.33E-17,0.218,0,0.218,1.4,90,0.007125854
1.33E-17,0.218,0,0.218,1.75,90,0.009765625
1.33E-17,0.218,0,0.218,2.1,90,0.010421753
2.00E-17,0.327,0,0.327,2.1,90,0.008209229
1.33E-17,0.218,0,0.218,2.45,90,0.008224487
2.00E-17,0.327,0,0.327,2.45,90,0.007080078
1.33E-17,0.218,0,0.218,66.85,90,0.009399414
1.33E-17,0.218,0,0.218,0,90,0.010864258
2.00E-17,0.327,0,0.327,0,90,0.009292603
1.33E-17,0.218,0,0.218,0.35,90,0.010116577
2.00E-17,0.327,0,0.327,0.35,90,0.007781982
1.33E-17,0.218,0,0.218,0.7,90,0.009368896
1.33E-17,0.218,0,0.218,1.05,90,0.009506226
1.33E-17,0.218,0,0.218,1.4,90,0.010223389
1.33E-17,0.218,0,0.218,1.75,90,0.010726929
1.33E-17,0.218,0,0.218,2.1,90,0.009719849
1.33E-17,0.218,0,0.218,2.45,90,0.007141113
0.218,0,0,0.218,0.35,0,0.008605957
1.33E-17,0.218,0,0.218,0,90,0.00831604
2.00E-17,0.327,0,0.327,0,90,0.006607056
1.33E-17,0.218,0,0.218,1.05,90,0.008956909
1.33E-17,0.218,0,0.218,1.4,90,0.011749268
1.33E-17,0.218,0,0.218,1.75,90,0.011978149
1.33E-17,0.218,0,0.218,2.1,90,0.009963989
0.175413607,0.1294375,0,0.218,1.05,36.42357364,0.007095337
1.33E-17,0.218,0,0.218,1.4,90,0.011779785
1.33E-17,0.218,0,0.218,1.75,90,0.012023926
0.218,0,0,0.218,0,0,0.009613037
0.218,0,0,0.218,0.35,0,0.01234436
0.327,0,0,0.327,0.35,0,0.006881714
0.212720244,0.0476875,0,0.218,1.05,12.63562509,0.010375977
0.21629017,0.02725,0,0.218,1.4,7.180755781,0.012512207
0.218,0,0,0.218,0,0,0.012268066
0.327,0,0,0.327,0,0,0.008132935
1.33E-17,0.218,0,0.218,65.8,90,0.009628296
1.33E-17,0.218,0,0.218,66.15,90,0.009750366
0.215322424,0.0340625,0,0.218,0.35,8.989299345,0.00869751
0.214133683,0.040875,0,0.218,0.7,10.80692287,0.012573242
0.288849197,0.15328125,0,0.327,0.7,27.95318688,0.009033203
0.214133683,0.040875,0,0.218,1.05,10.80692287,0.015365601
0.310623107,0.1021875,0,0.327,1.05,18.20995686,0.010528564
0.215322424,0.0340625,0,0.218,1.4,8.989299345,0.014175415
0.319080366,0.07153125,0,0.327,1.4,12.63562509,0.008514404
0.218,0,0,0.218,0.35,0,0.013122559
0.327,0,0,0.327,0.35,0,0.008392334
0.207082072,0.068125,0,0.218,65.8,18.20995686,0.009368896
0.21629017,0.02725,0,0.218,0.35,7.180755781,0.011291504
0.214133683,0.040875,0,0.218,0.7,10.80692287,0.015396118
0.298800164,0.13284375,0,0.327,0.7,23.96948232,0.010360718
0.21629017,0.02725,0,0.218,1.05,7.180755781,0.01763916
0.310623107,0.1021875,0,0.327,1.05,18.20995686,0.011291504
0.21629017,0.02725,0,0.218,1.4,7.180755781,0.016265869
0.316616389,0.08175,0,0.327,1.4,14.47751219,0.010055542
0.215322424,0.0340625,0,0.218,1.75,8.989299345,0.012283325
